Team,Structure (10),Grammar (2),Roles (5),Open and closed questions (5),Questions structured (5),Questions relevant (5),General to specific questions (5),Transcript (5),Table easy to read (5),Products and features are relevant to what customer wants (8),Summarizing critical points of interview (10),Clear learning points (10),Questions the team still has (10),Outline of the next steps (10),Recording is present (2),Total,Feedback
Team 1,9,1,5,5,5,5,5,5,4,8,10,10,10,10,0,94.85%,"The submission is well-structured with clear roles, interview transcript, and actionable next steps, though it has minor grammatical issues and lacks the required recording."
Team 2,9,2,5,4,5,5,5,3,5,8,9,7,10,10,2,91.75%,"The submission is well-structured and provides a thorough competitor analysis and clear next steps, but it would benefit from a more detailed transcript and clearer articulation of learning points from the interview."
Team 3,9,2,5,5,5,5,5,3,5,8,10,7,8,10,2,91.75%,"The submission is well-organized and detailed, clearly addressing most customer requirements; however, the transcript and explicit learning points could be more comprehensively developed."
Team 4,8,2,4,4,4,5,5,4,3,7,7,6,4,6,2,73.20%,"The submission is well-structured and detailed with relevant content from the interview, though some sections, such as the table readability, learning points, and next steps, could be more clearly articulated."
Team 5,9,2,5,5,5,5,5,5,4,8,8,5,1,10,2,81.44%,"The submission is well-structured and thorough in many aspects, though it lacks explicitly stated learning points and a clear list of remaining questions, which would enhance clarity for future development."
Team 6,9,2,5,5,5,5,5,5,4,8,8,5,0,9,2,79.38%,"The submission is well-structured and detailed in presenting interview data and project features, but it falls short in articulating clear learning points and unresolved questions that the team still has."
Team 7,9,1,5,5,5,5,5,5,5,8,10,9,9,10,2,95.88%,"The submission demonstrates a well-organized structure and clear delineation of team roles and next steps, though there are a few grammatical issues that detract slightly from its overall clarity."
Team 8,9,2,5,5,5,5,5,5,4,8,10,9,10,10,2,96.91%,"The submission is comprehensive and well-detailed, effectively outlining project requirements, interview insights, and next steps. Minor improvements in table clarity and some formatting could further enhance the presentation."
Team 9,9,2,5,5,5,5,5,4,4,8,9,8,8,9,2,90.72%,"The submission is well-organized with a clear structure, relevant questions, and a thoughtful analysis; however, the transcript could be more refined and the table formatting improved for better readability."
Team 10,8,2,4,5,5,5,5,5,3,7,8,7,9,9,0,84.54%,"The submission is well-structured with clear roles, questions, transcript, and next steps, but the table presentation and lack of a recording diminish its overall polish."
Team 11,9,2,5,5,5,5,5,4,4,8,10,9,10,10,2,95.88%,"The submission is well-structured and covers all key aspects of the project with clear definitions and next steps, though the transcript and table readability could be slightly improved."
Team 12,7,1,4,5,5,5,5,4,3,7,8,7,10,10,2,85.57%,"The submission is comprehensive with clear roles, structured questions, and a detailed next steps plan, though it suffers from grammatical and formatting issues in some sections."
Team 13,10,1,5,5,5,5,5,5,4,8,10,8,7,8,2,90.72%,"The submission is well-structured with clear roles, relevant questions, and a detailed summary, though minor grammar issues and slight ambiguities in learning points and outstanding questions lower the overall clarity."
Team 14,9,1,5,4,4,5,5,3,4,7,7,4,0,7,0,67.01%,"The submission is generally well-organized with clear roles and presentation of project goals, but it is weakened by grammatical issues, insufficient transcript details, vague learning points, missing lingering questions, and absence of a recording."
Team 15,7,1,5,4,4,5,4,4,3,8,8,5,0,5,0,64.95%,"The submission shows a good grasp of the project requirements and successfully lists relevant questions and team roles, but it lacks detailed transcripts, clear learning points, and a thorough outline of next steps and unresolved questions."
Team 16,7,1.5,5,5,4,5,4,4,4,6,7,6,5,8,2,75.77%,"The submission provides a structured overview with clear roles and relevant questions, but is weakened by some grammar issues and a lack of depth in summarizing learning points and outstanding questions."
Team 17,10,2,5,5,5,5,5,4,4,8,9,7,10,10,2,93.81%,"The submission demonstrates strong structure and a comprehensive coverage of project aspects, though improvements could be made in transcript detail and table clarity."
Team 18,10,2,5,5,5,5,5,5,5,8,10,10,10,10,2,100.00%,"The submission is well-structured and comprehensive, effectively addressing all required elements with clear and concise responses. Some minor improvements in formatting and detailed explanations could further enhance the clarity."
Team 19,8,1.5,1,5,4,5,4,2,4,8,9,8,10,10,2,84.02%,"The submission is well-organized in parts and provides comprehensive next steps and research details, but lacks fully developed roles and a detailed transcript, and has some grammar issues."
Team 20,8,1.5,3,4,4,5,5,3,4,7,8,5,3,4,2,68.56%,"The submission is well-organized and covers most requirements, though there are issues with consistency in team roles, some grammatical errors, and a lack of clearly defined learning points and next steps."
Team 21,8,1,4,5,4,4,3,4,3,7,8,7,5,8,2,75.26%,"The submission shows good organization and a clear outline of project components, though there is room to improve clarity in learning points and follow-up questions."
Team 22,9,2,5,5,5,5,5,4,4,8,10,10,10,10,2,96.91%,"The submission clearly organizes team roles, interview script, and analysis with strong summarization and actionable next steps, though the transcript and table aspects could be slightly clearer."
Team 23,9,2,5,5,5,5,5,5,4,8,10,10,10,10,2,97.94%,"The submission is well-organized and captures the critical aspects of the interview process, with clear next steps and relevant questions; however, the table formatting could be made more reader-friendly."
Team 24,7,1,5,4,4,5,5,3,4,7,6,4,3,5,2,67.01%,"The submission presents a structured interview and report with relevant questions and a clear outline of roles, but it lacks depth in summarizing critical points and learning objectives, and there are several grammatical and structural inconsistencies."
Team 25,8,2,5,4,4,5,5,3,5,8,8,6,0,0,2,67.01%,"The submission is well-structured and clearly presents the project objectives and functionalities, but it lacks detailed follow-up on lingering questions and next steps."
Team 26,8,2,5,5,5,5,5,5,3,8,10,7,10,10,2,92.78%,"The submission is detailed and well-organized with clear interview questions, comprehensive summaries, and actionable next steps, though improvements could be made in table presentation and clarity of learning points."
Team 27,10,2,5,5,5,5,5,4,5,8,10,8,10,10,2,96.91%,"The submission is well structured and demonstrates a solid grasp of the requirements elicitation process, with clear details on team roles, customer needs, and next steps, though the transcript and learning points could be slightly more detailed."
Team 28,9,1,5,5,5,5,5,5,4,8,10,9,0,10,2,85.57%,"The submission is well-structured and covers most aspects of the project requirements with clear next steps and a comprehensive transcript; however, it lacks follow-up questions and could benefit from improved grammar and minor clarifications in the table formatting."
Team 29,10,2,5,5,5,5,5,5,5,8,10,10,8,10,2,97.94%,"The submission is well-structured and comprehensive, showcasing clear roles, relevant questions, and a detailed analysis; however, slight improvements could be made in clarifying unresolved questions."
Team 30,10,2,5,5,5,5,5,5,5,8,10,10,10,10,2,100.00%,"The submission is well-organized and comprehensive, addressing each evaluation criterion thoroughly with clear and relevant details."
Team 31,7,1,5,5,4,5,4,5,4,7,8,7,7,10,0,81.44%,"The submission is well-organized with clear roles and next steps, though minor grammar issues and a lack of a recorded interview slightly detract from the overall quality."
Team 32,9,1,5,4,5,5,4,5,4,8,9,8,10,10,2,91.75%,"The submission is well-structured and covers all required sections with clear roles and follow-up questions, but it suffers from minor grammatical issues and some formatting challenges."
Team 33,10,1,5,5,5,5,5,5,5,7,9,9,10,10,2,95.88%,"The submission is well-structured and covers most required aspects with clear sections and outlined next steps, but minor grammar issues and slight gaps in product feature clarity keep it from being perfect."
Team 34,8,1.5,5,5,5,5,5,3,4,8,8,5,0,7,0,71.65%,"The submission is well-structured and covers most aspects of the project discussion, though it lacks a clear transcript, defined learning points, and outstanding follow-up questions. Improvements in detailed recordings and explicit learning outcomes would further strengthen the report."
Team 35,9,2,5,5,5,5,5,5,4,8,10,10,10,10,2,97.94%,"The submission is well-structured and comprehensive, presenting a clear interview transcript and next steps while maintaining relevance to customer goals, though the qualitative table could be more detailed."
Team 36,9,2,5,5,5,5,5,5,4,8,10,9,10,10,2,96.91%,"The submission is well-organized and comprehensive, effectively addressing each interview component with clear next steps, though minor improvements in the table presentation could enhance readability."
Team 37,8,1,5,2,2,3,2,5,4,8,9,8,8,8,2,77.32%,"The submission is well-structured overall and provides clear insights into roles and next steps, though the handling of questions and grammatical precision could be improved."
Team 38,9,1,5,5,5,5,5,4,4,7,8,8,10,10,2,90.72%,"The submission is well-structured and covers the main aspects required, including clear roles, relevant questions, and next steps, though minor grammar issues and some lack of detail in the transcript and table slightly reduce its overall clarity."
Team 39,9,1,5,4,4,5,5,4,3,7,10,6,2,10,2,79.38%,"The submission is well-structured and detailed, with clear team roles and next steps, but it has minor grammatical issues and could improve in clearly outlining unresolved questions and learning points."
Team 40,9,2,5,5,4,4,5,5,4,7,9,8,7,10,2,88.66%,"The submission is well-structured and provides a comprehensive summary of the interview with clear next steps, though some questions and learning points could be more explicitly refined for greater clarity."
Team 41,9,2,5,5,5,5,5,5,4,8,9,8,10,10,2,94.85%,"The submission is well-organized and detailed, effectively covering interview analysis, relevant questions, and outlining next steps, though minor improvements in table clarity and explicit learning points could enhance it further."
Team 42,8,1.5,5,4,5,5,4,3,4,7,8,6,3,8,2,75.77%,"The submission is well-structured with clear team roles and interview documentation, though some areas (like detailed learning points and unresolved questions) could benefit from further clarity."
Team 43,9,2,5,5,5,5,5,5,5,8,10,8,10,9,2,95.88%,"The submission is well-organized and clearly outlines team roles, interview questions, and next steps, though some learning points could be more explicitly defined."
Team 44,10,2,5,5,5,5,5,5,4,8,10,8,7,10,2,93.81%,"The submission is well-structured and demonstrates clear understanding of the project requirements, though minor issues in formatting and the depth of outstanding questions slightly limit its impact."
Team 45,9,2,5,5,5,5,5,5,5,8,9,8,10,10,2,95.88%,"The submission is well-organized and addresses all key components effectively, though there is room for slight improvement in synthesizing interview insights and clarifying design specifics."
Team 46,9,1,5,5,5,5,5,5,5,8,9,8,10,10,2,94.85%,"The submission is well-structured and covers most evaluation criteria comprehensively, though minor grammar issues and slightly less explicit learning point insights prevent a perfect score."
Team 47,8,2,5,4,5,5,5,5,4,8,9,9,10,10,0,91.75%,"The submission is well-organized and thorough in addressing project requirements with clear next steps and relevant questions, though it could improve in providing a recording and minor clarity in structured grammar."
Team 48,9,2,5,5,5,5,5,5,5,8,10,10,10,10,2,98.97%,"The submission is comprehensive and well-organized with clear interview transcripts, analysis, and next steps, although minor formatting adjustments could enhance clarity further."
Team 49,7,1,4,4,3,4,3,4,3,6,6,4,7,5,2,64.95%,"The submission presents a variety of materials and demonstrates effort in covering multiple aspects of the assignment, but it is hindered by some organizational clarity issues and incomplete articulation of learning points and next steps."
Team 50,8,2,5,4,5,5,5,3,5,8,8,7,2,8,2,79.38%,"The submission is well-structured and covers most key elements with clear summaries and detailed interview questions, although it could improve by explicitly highlighting learning points and outstanding questions."
Team 51,8,2,5,4,5,5,5,5,5,8,8,7,10,9,2,90.72%,"The submission demonstrates a good understanding of project requirements with clear articulation of roles, next steps, and relevant inquiry areas, though some summaries and learning points could benefit from additional detail."
Team 52,8,1,4,4,4,4,4,4,4,7,9,8,9,9,2,83.51%,"The submission demonstrates a good understanding of the project with clear team roles, interview structure, and planned next steps, but could improve in grammar and overall clarity of presentation."
Team 53,8,2,5,5,5,5,5,5,2,8,9,7,5,7,2,82.47%,"The submission is well structured with clear roles and relevant questions, though the table presentation and clarity of future learning points and unresolved questions could be improved."
Team 54,9,1,5,4,4,5,4,2,1,6,7,7,5,8,0,70.10%,"The submission is fairly well-structured and covers most aspects of project initiation, though it lacks a detailed transcript and a clearly formatted table, and minor grammatical issues reduce clarity."
Team 55,9,2,5,5,5,5,5,5,4,8,10,10,0,10,2,87.63%,"The submission is well-organized and comprehensive, capturing most aspects of the interview and project requirements, but it notably lacks a clear section on unresolved questions from the team."
Team 56,9,2,5,5,5,4,5,4,5,7,8,5,0,3,2,71.13%,"The submission is well structured and demonstrates a strong understanding of roles and interview preparation, but it falls short in clearly outlining learning points, pending questions, and next steps."
Team 57,8,1.5,5,4,4,5,5,3,3,8,8,7,6,9,2,80.93%,"The submission is comprehensive with a clear structure and relevant content, though some sections like transcript details and table presentation could be improved."
